="Numéro FINESS";="SIRET";="APE";="Raison sociale";="Complément distribution";="Adresse";="Lieudit/BP";="Code postal";="Libelle routage";="Tel";="Fax";
="080003775";;;="AIRE STATIONNEMENT NOMADE";="LIEU DIT LE BOIS D AMOUR";="PROMENADE PRO DE LA WARENNE";;="08000";="CHARLEVILLE MEZIERES";="03 24 33 91 24 ";;
="100009588";;;="AIRE STATION NOMADES";;="BOULEVARD GEORGES POMPIDOU";="LE GRAND PONT";="10003";="TROYES CEDEX";;;
="100009604";;;="AIRE STATION NOMADES";;="3 VOIE DE LA NOUE-LUTEL";;="10300";="STE SAVINE";;;
="100010297";="211 000 310 00014";;="AIRE D ACCUEIL DES GENS DU VOYAGE";;="RUE PIERRE DE COUBERTIN";;="10200";="BAR SUR AUBE";="03 25 27 04 21 ";;
="100010313";="211 003 124 00016";;="AIRE D'ACCUEIL DES GENS DU VOYAGE";;="ROUTE DEPARTEMENTALE N°19";;="10100";="ROMILLY SUR SEINE";="03 25 39 43 80 ";;
="130807647";;;="AIRE STATIONNEMENT NOMADES ST M";;="CHEMIN DU MOUTON ST MENET";;="13011";="MARSEILLE";="04 91 43 23 52 ";;
="130807654";;;="AIRE STATION. NOMADES VITROLLES";="CAMP DE NOMADES";="QUARTIER DES BAGNOLS";;="13127";="VITROLLES";="04 42 89 86 44 ";;
="140031725";="200 066 801 00016";;="AIRE ACCUEIL GDV ISIGNY-OMAHA INTERCOM";="ACCUEIL DES GENS DU VOYAGE";="CHEMIN RURAL DU MIGNOT";;="14230";="OSMANVILLE";="06 80 40 14 44 ";;
="140032269";="241 400 514 00196";;="AIRE ACCUEIL GDV CC DU PAYS DE FALAISE";="ACCUEIL DES GENS DU VOYAGE";="LIEU DIT LE PIED MOUILLE";;="14700";="FALAISE";="02 31 90 67 95 ";;
="140032285";="200 068 799 00184";;="AIRE ACCUEIL GDV CONDE-EN-NORMANDIE";="ACCUEIL DES GENS DU VOYAGE";="RUE JEAN MONET";="CONDE SUR NOIREAU";="14110";="CONDE EN NORMANDIE";="02 31 59 15 50 ";;
="140032301";="200 068 799 00184";;="AIRE ACCUEIL GDV VIRE EN NORMANDIE";="ACCUEIL DES GENS DU VOYAGE";="RUE DE LA PLANCHE";;="14500";="VIRE NORMANDIE";="02 31 09 22 55 ";="02 31 69 68 63";
="140032327";="241 400 555 00140";;="AIRE ACCUEIL GDV CC BAYEUX INTERCOM";="ACCUEIL DES GENS DU VOYAGE";="ROUTE DE LITTRY";="CD5";="14400";="BAYEUX";="02 31 51 63 00 ";;
="140032343";="200 065 597 00011";;="AIRE ACCUEIL GDV HEROUVILLE LEBISEY";="ACCUEIL DES GENS DU VOYAGE";="ROUTE DE COLOMBELLES  CD 226 B";;="14200";="HEROUVILLE ST CLAIR";;;
="140032350";="200 065 597 00011";;="AIRE ACCUEIL GDV GIBERVILLE-COLOMBELLE";="ACCUEIL DES GENS DU VOYAGE";="RUE DES CITES    ANGLE RD 403";;="14730";="GIBERVILLE";;;
="140032368";="200 065 597 00011";;="AIRE ACCUEIL GDV MONDEVILLE";="ACCUEIL DES GENS DU VOYAGE";="ROUTE DE ROUEN";;="14120";="MONDEVILLE";;;
="140032376";="200 065 597 00011";;="AIRE ACCUEIL GDV CORMELLES-LE-ROYAL";="ACCUEIL DES GENS DU VOYAGE";="RUE DE JORT";;="14123";="CORMELLES LE ROYAL";;;
="140032384";="200 065 597 00011";;="AIRE ACCUEIL GDV BRETTEVILLE-CARPIQUET";="ACCUEIL DES GENS DU VOYAGE";="ROUTE DE CAUMONT   RD9";;="14650";="CARPIQUET";;;
="140032392";="200 065 597 00011";;="AIRE ACCUEIL GDV OUISTREHAM";="ACCUEIL DES GENS DU VOYAGE";="ROUTE DE LA POINTE DU SIEGE";="LIEU DIT LA ROQUETTE";="14150";="OUISTREHAM";;;
="140032400";="200 065 597 00011";;="AIRE ACCUEIL GDV MONDEVILLE";="ACCUEIL DES GENS DU VOYAGE";="ROUTE DE COLOMBELLES";;="14120";="MONDEVILLE";;;
="140032418";="200 065 597 00011";;="AIRE ACCUEIL GDV FLEURY-SUR-ORNE - IFS";="ACCUEIL DES GENS DU VOYAGE";="RUE ANTON TCHEKHOV";;="14123";="IFS";;;
="140032434";="200 065 563 00013";;="AIRE ACCUEIL GDV NCPA DIVES SUR MER";="ACCUEIL DES GENS DU VOYAGE";="15 CHEMIN RUETTE DU GAILLON";;="14165";="DIVES SUR MER CEDEX";="02 31 24 12 66 ";;
="140032442";="200 065 597 00011";;="AIRE DE GRAND PASSAGE GDV HEROUVILLE";="ACCUEIL DES GENS DU VOYAGE";="";="ENTRE LE CANAL ET L'ORNE";="14200";="HEROUVILLE ST CLAIR";="02 31 39 40 00 ";;
="140032467";="241 400 860 00011";;="AIRE DE GRAND PASSAGE GDV BASLY";="ACCUEIL DES GENS DU VOYAGE";="RD 219 - RD 404";;="14610";="BASLY";;;
="140032475";="200 065 563 00013";;="AIRE DE GRAND PASSAGE GDV VARAVILLE";="ACCUEIL DES GENS DU VOYAGE";="RD 513";;="14390";="VARAVILLE";="02 31 28 39 97 ";;
="140032491";="200 066 827 00011";;="AIRE ACCUEIL GDV CCPHB HONFLEUR";="ACCUEIL DES GENS DU VOYAGE";="CHEMIN DU VALLON DE LA FOSSERIE";;="14600";="HONFLEUR";;;
="140032517";="200 069 532 00014";;="AIRE ACCUEIL GDV GALOTERIE LISIEUX";="ACCUEIL DES GENS DU VOYAGE";="RUE AUGUSTIN FRESNEL";;="14100";="LISIEUX";;;
="140032525";="200 069 532 00014";;="AIRE ACCUEIL GDV CALN ORBEC";="ACCUEIL DES GENS DU VOYAGE";="ROUTE SAINT-MARTIN DE BIENFAITE";;="14290";="ORBEC";;;
="140032533";="200 069 532 00014";;="AIRE ACCUEIL GDV MEZIDON VALLEE D'AUGE";="ACCUEIL DES GENS DU VOYAGE";="ROUTE DE MAGNY LE FREULE     D138";="MEZIDON-CANON";="14270";="MEZIDON VALLEE D AUGE";;;
="140032558";="241 400 415 00014";;="AIRE DE GRAND PASSAGE GDV VILLERVILLE";="ACCUEIL DES GENS DU VOYAGE";="";;="14113";="VILLERVILLE";="02 31 88 54 49 ";;
="140032566";="200 065 563 00013";;="AIRE DE GRAND PASSAGE GDV RANVILLE";="ACCUEIL DES GENS DU VOYAGE";="";;="14860";="RANVILLE";="02 31 24 12 66 ";;
="140032574";="200 066 801 00016";;="AIRE DE GRAND PASSAGE GDV TREVIERES";="ACCUEIL DES GENS DU VOYAGE";="";;="14710";="TREVIERES";;;
="160009064";;;="TERRAIN STATION. 'LES ALLIERS'";;="ROUTE DE BORDEAUX";;="16000";="ANGOULEME";="05 45 91 89 87 ";;
="180005241";="211 800 339 00759";;="AIRE DE STATIONNEMENT NOMADES";="QUARTIER PIGNOUX";="";;="18000";="BOURGES";;;
="210985560";="242 100 410 00123";;="ACCUEIL GENS DU VOYAGE";="CITE DES PEUPLIERS";="RUE DJANGO REINHARDT";;="21000";="DIJON";="03 80 50 36 25 ";;
="230003329";="242 300 135 00066";;="AIRE D'ACCUEIL DES GENS DU VOYAGE";;="ROUTE DU MOULIN BARRAUD";;="23300";="LA SOUTERRAINE";;;
="250006483";="242 500 361 00017";;="AIRE STATION. GENS DU VOYAGE  MALCOMBE";;="1 AVENUE FR MITTERAND";;="25000";="BESANCON";="03 81 87 88 89 ";;
="270026438";="200 071 454 00017";;="AIRE DE GRAND PASSAGE GDV ST-ANDRE";="ACCUEIL DES GENS DU VOYAGE";="ROUTE DE COUDRES";="AERODROME";="27220";="ST ANDRE DE L EURE";="02 32 32 95 00 ";="02 32 32 95 01";
="270026446";="242 700 623 00075";;="AIRE ACCUEIL GDV GAILLON CCEMS";="ACCUEIL DES GENS DU VOYAGE";="RUE DE L'ETANG";;="27600";="GAILLON";="02 32 53 87 00 ";="02 32 53 86 99";
="270026453";="200 071 843 00011";;="AIRE ACCUEIL GDV GISORS";="ACCUEIL DES GENS DU VOYAGE";="18 ROUTE DE BAZINCOURT";;="27140";="GISORS";="02 32 27 89 50 ";="02 32 27 89 49";
="270026461";="200 071 454 00017";;="AIRE ACCUEIL GDV CA EVREUX";="ACCUEIL DES GENS DU VOYAGE";="RUE DE LA ROUGEMARE";="NETREVILLE";="27000";="EVREUX";="02 32 31 53 25 ";;
="270026487";="200 065 787 00018";;="AIRE ACCUEIL GDV CCPAVR PONT AUTHOU";="ACCUEIL DES GENS DU VOYAGE";="";="CAMPING MUNICIPAL LESMARRONNIERS";="27290";="PONT AUTHOU";="02 32 42 75 06 ";="02 32 56 34 51";
="270026495";="200 035 665 00013";;="AIRE ACCUEIL GDV LOUVIERS CASE";="ACCUEIL DES GENS DU VOYAGE";="RUE JULES VERNE";;="27400";="LOUVIERS";="02 35 87 35 30 ";;
="270026503";="200 035 665 00013";;="AIRE ACCUEIL GDV D'ACQUIGNY CASE";="ACCUEIL DES GENS DU VOYAGE";="HAMEAU DU BECQUEDAL";;="27400";="ACQUIGNY";="02 35 87 35 30 ";;
="270026511";="200 066 413 00010";;="AIRE ACCUEIL GDV CC INTERCOM BERNAY";="ACCUEIL DES GENS DU VOYAGE";="CHEMIN DES GENEVRIERS";;="27300";="BERNAY";="02 32 43 50 06 ";="02 32 43 56 44";
="270026529";="200 066 413 00010";;="AIRE ACCUEIL GDV MESNIL EN OUCHE";="ACCUEIL DES GENS DU VOYAGE";="ROUTE DE BROGLIE";="LA BARRE-EN-OUCHE";="27410";="MESNIL EN OUCHE";;;
="270026537";="200 035 665 00013";;="AIRE ACCUEIL GDV VAL DE REUIL CASE";="ACCUEIL DES GENS DU VOYAGE";="AVENUE DES METIERS";;="27100";="VAL DE REUIL";="02 35 87 35 30 ";;
="270026552";="200 066 462 00017";;="AIRE ACCUEIL GDV VERNEUIL AVRE ET ITON";="ACCUEIL DES GENS DU VOYAGE";="ROUTE DE LA FERTE VIDAME";;="27130";="VERNEUIL D AVRE ET D ITON";="02 32 58 29 60 ";;
="270029283";="200 065 787 00018";;="AIRE ACCUEIL GDV CCPAVR PONT-AUDEMER";="ACCUEIL DES GENS DU VOYAGE";="RUE DE SAINT-ULFRANT";;="27500";="PONT AUDEMER";;;
="270029291";="200 071 454 00017";;="AIRE ACCUEIL GDV GUICHAINVILLE";="ACCUEIL DES GENS DU VOYAGE";="ZONE DE LA TOURELLE";="HAMEAU DE MELLEVILLE";="27930";="GUICHAINVILLE";;;
="310022744";="213 101 132 00214";;="LE RACHAÏ - AIRE STATION NOMADES";;="";;="31325";="CASTANET TOLOSAN CEDEX";;;
="310022769";;;="AIRE D'ACCUEIL DES GENS DU VOYAGE";="MAIRIE DE CASTELGINEST";="GRAND PLACE CHARLES DE GAUL";;="31780";="CASTELGINEST";;;
="310022926";="213 101 496 00015";;="BUFFEVENT AIRE DE STATION NOMADES";;="";;="31770";="COLOMIERS";="05 61 15 22 22 ";;
="310022934";="213 101 876 00018";;="TARSIS AIRE DE STATION NOMADES";;="";;="31470";="FONSORBES";="05 61 91 55 19 ";;
="310022942";="213 104 516 00017";;="EN BERNIS - AIRE STATION NOMADES";;="";;="31250";="REVEL";="05 62 18 71 41 ";;
="310022959";;;="AIRE DE STATIONNEMENT POUR NOMADES";;="";;="31820";="PIBRAC";;;
="310022967";;;="AIRE DE STATION NOMADES DE SAINT JEAN";;="";;="31240";="ST JEAN";;;
="310023361";;;="AIRE D'ACCUEIL DES GENS DU VOYAGE";;="";;="31000";="TOULOUSE";;;
="310025705";;;="AIRES D'ACCUEIL DES GENS DU VOYAGE";;="";;="31270";="VILLENEUVE TOLOSANE";="05 62 20 89 50 ";;
="310025713";="200 079 572 00018";;="AIRE D'ACCUEIL DES GENS DU VOYAGE";="PLAISANCE DU TOUCH";="";;="31270";="FROUZINS";="05 62 20 89 50 ";;
="310025721";="200 079 572 00018";;="AIRE D'ACCUEIL DES GENS DU VOYAGE";;="";;="31600";="SEYSSES";="05 62 20 89 50 ";;
="310025739";="213 104 672 00075";;="AIRE D'ACCUEIL DES GENS DU VOYAGE";;="";;="31140";="ST ALBAN";="05 62 75 93 90 ";;
="310025747";;;="AIRE D'ACCUEIL DES GENS DU VOYAGE";="MONPAPOU";="";;="31650";="ST ORENS DE GAMEVILLE";;;
="310025754";="213 102 544 00011";;="AIRE D'ACCUEIL DES GENS DU VOYAGE";="GRANDE RIVIERE";="";;="31670";="LABEGE";="05 62 24 44 44 ";;
="310025770";;;="AIRE D'ACCUEIL DES GENS DU VOYAGE";;="";;="31330";="GRENADE";;;
="310025788";;;="AIRE D'ACCUEIL DES GENS DU VOYAGE";;="";;="31600";="MURET";;;
="310025796";;;="AIRE D'ACCUEIL DES GENS DU VOYAGE";;="";;="31470";="ST LYS";;;
="310025804";;;="AIRE D'ACCUEIL DES GENS DU VOYAGE";;="";;="31120";="PORTET SUR GARONNE";;;
="310025812";;;="AIRE D'ACCUEIL DES GENS DU VOYAGE";;="";;="31840";="AUSSONNE";;;
="310025838";;;="AIRE D'ACCUEIL DES GENS DU VOYAGE";="LES CARENES";="";;="31130";="BALMA";;;
="310025846";="213 100 225 00019";;="AIRE D'ACCUEIL DES GENS DU VOYAGE";="MAZELIER";="";;="31140";="AUCAMVILLE";="05 62 75 94 94 ";;
="310786371";="776 951 980 00049";;="CAMP DE GINESTOUS";;="CHEMIN DE GINESTOUS";;="31200";="TOULOUSE";="05 61 70 01 05 ";;
="350031100";;;="TERRAIN ACCUEIL GENS DU VOYAGE";;="RUE DU PERE GRIGNON";;="35740";="PACE";="02 99 29 75 00 ";;
="350031118";;;="TERRAIN ACCUEIL GENS DU VOYAGE";;="LA MOTTE D'ILLE";;="35830";="BETTON";="02 99 55 81 01 ";;
="350031126";;;="TERRAIN ACCUEIL GENS DU VOYAGE";;="LE CHAMP NIGUEL";;="35170";="BRUZ";="02 99 52 61 39 ";;
="350031159";;;="TERRAIN ACCUEIL GENS DU VOYAGE";;="LE POUCEL";;="35770";="VERN SUR SEICHE";="02 99 62 73 28 ";;
="350031175";;;="TERRAIN ACCUEIL GENS DU VOYAGE";;="LES RIVIERES";;="35310";="MORDELLES";="02 99 60 40 46 ";;
="350031191";;;="TERRAIN ACCUEIL GENS DU VOYAGE";;="MAHOMAT";;="35650";="LE RHEU";="02 99 60 71 31 ";;
="350031217";;;="TERRAIN ACCUEIL GENS DU VOYAGE";;="ROUTE DE PACE";;="35760";="MONTGERMONT";="02 99 68 83 88 ";;
="350031258";;;="TERRAIN ACCUEIL GENS DU VOYAGE";;="RUE DE LA MEZIERE";;="35850";="GEVEZE";;;
="350031274";;;="TERRAIN ACCUEIL GENS DU VOYAGE";;="LA ROLAUDIERE";;="35120";="DOL DE BRETAGNE";="02 99 48 00 17 ";;
="350031290";;;="TERRAIN ACCUEIL GENS DU VOYAGE";;="RUE DE LA LANDE DU BAS";;="35300";="FOUGERES";;;
="350031316";;;="TERRAIN ACCUEIL GENS DU VOYAGE";;="LES LOGES";;="35135";="CHANTEPIE";="02 99 41 42 33 ";;
="350031365";;;="TERRAIN ACCUEIL GENS DU VOYAGE";;="LA CROIX AUX POTIERS";;="35131";="CHARTRES DE BRETAGNE";="02 99 41 21 06 ";;
="350031381";;;="TERRAIN ACCUEIL GENS DU VOYAGE";="MONTAGNE ST JOSEPH";="RUE DES PRAIRIES";;="35400";="ST MALO";="02 99 40 59 27 ";;
="350031407";;;="TERRAIN ACCUEIL GENS DU VOYAGE";="PLAINE DE BAUD";="AVENUE FRANCOIS CHATEAU";;="35000";="RENNES";="02 99 36 87 17 ";;
="350031415";;;="TERRAIN ACCUEIL GENS DU VOYAGE";;="68 AVENUE GROS MALHON";;="35000";="RENNES";="02 99 59 69 11 ";;
="350031431";;;="TERRAIN ACCUEIL GENS DU VOYAGE";;="LE MATELOU";;="35520";="LA CHAPELLE DES FOUGERETZ";;;
="350031472";;;="TERRAIN ACCUEIL GENS DU VOYAGE";;="D27";;="35235";="THORIGNE FOUILLARD";="02 99 62 01 18 ";;
="440008225";="785 933 474 00021";;="AIRE STAT.NOMADES 'LA CLARIERE'";="DOULON";="CHEMIN MOULIN DES MARAIS";;="44300";="NANTES";="02 40 50 01 91 ";;
="440009520";="785 933 474 00039";;="AIRE STAT.NOMADES 'LA FARDIERE'";;="BOULEVARD GENERAL KOENIG";;="44100";="NANTES";="02 40 43 32 10 ";;
="440009546";="785 933 474 00104";;="ASSOCIATION 'LE RELAIS'";;="19 RUE JOHANNES GUTENBERG";="BP 4119";="44341";="BOUGUENAIS CEDEX";="02 51 70 69 15 ";="02 51 70 69 19";
="440019032";="785 933 474 00047";;="AIRE STAT.NOMADES 'MEAN'";="MEAN";="CHEMIN DE LA PETITE PATURE";;="44600";="ST NAZAIRE";="02 40 66 73 94 ";;
="450008727";="311 031 322 00010";;="AIRE STAT POUR GENS DU VOYAGE";;="";;="45046";="ORLEANS CEDEX 1";="02 38 63 51 54 ";;
="450008735";="214 502 528 00109";;="AIRE DE STATION POUR NOMADES";;="CHEMIN BITRY ET-ST-MATURIN";;="45300";="PITHIVIERS";="02 38 30 08 77 ";;
="500024443";="200 067 205 00019";;="AIRE ACCUEIL GDV BREQUECAL TOURLAVILLE";="ACCUEIL DES GENS DU VOYAGE";="ROUTE DE BREQUECAL";="TOURLAVILLE";="50110";="CHERBOURG EN COTENTIN";="02 33 22 59 98 ";;
="500024450";="200 067 205 00019";;="AIRE ACCUEIL GDV JACK MESLIN CHERBOURG";="ACCUEIL DES GENS DU VOYAGE";="CHEMIN DES RAGOTINS";="CHERBOURG-OCTEVILLE";="50100";="CHERBOURG EN COTENTIN";="02 33 21 59 54 ";;
="500024468";="200 069 425 00011";;="AIRE ACCUEIL GDV AVRANCHES";="ACCUEIL DES GENS DU VOYAGE";="ROUTE DE SAINT-BRICE";;="50300";="AVRANCHES";="02 33 79 33 68 ";;
="500024476";="200 069 425 00011";;="AIRE ACCUEIL GDV ST-HILAIRE DUHARCOUET";="ACCUEIL DES GENS DU VOYAGE";="";="LES PARES BALLES";="50600";="ST HILAIRE DU HARCOUET";="02 33 59 90 88 ";;
="500024484";="200 067 031 00019";;="AIRE ACCUEIL GDV COCM PERIERS";="ACCUEIL DES GENS DU VOYAGE";="ROUTE DE MONTSURVENT";;="50190";="PERIERS";="02 33 07 98 55 ";;
="500024500";="200 067 205 00019";;="AIRE ACCUEIL GDV BEAULIEU VALOGNES";="ACCUEIL DES GENS DU VOYAGE";="ROUTE DE ST-SAUVEUR LE VICOMTE";="LE GIBET";="50700";="VALOGNES";="06 01 18 53 68 ";;
="500024526";="200 042 604 00013";;="AIRE ACCUEIL GDV GRANVILLE";="ACCUEIL DES GENS DU VOYAGE";="ROUTE DE SAINT-PLANCHERS";;="50400";="GRANVILLE";="02 33 51 84 98 ";;
="500024534";="200 066 389 00012";;="AIRE ACCUEIL GDV CA SAINT-LO AGGLO";="ACCUEIL DES GENS DU VOYAGE";="CHEMIN DU VIEUX CANDOL";;="50000";="ST LO";;;
="500024542";="200 042 729 00018";;="AIRE ACCUEIL GDV CARENTAN LES MARAIS";="ACCUEIL DES GENS DU VOYAGE";="LIEU DIT BLACTOT";;="50500";="CARENTAN LES MARAIS";;;
="500024567";="200 067 023 00016";;="AIRE ACCUEIL GDV CC COUTANCES";="ACCUEIL DES GENS DU VOYAGE";="";;="50200";="COUTANCES";;;
="500024575";="200 067 031 00019";;="AIRE DE GRAND PASSAGE GDV LESSAY";="ACCUEIL DES GENS DU VOYAGE";="ROUTE DE COUTANCES";="FOIRE SAINTE-CROIX";="50430";="LESSAY";;;
="520003963";="245 200 530 00013";;="AIRE STATIONEMENT NOMADES";;="ROUTE D'ANCERVILLE";;="52100";="ST DIZIER";="03 25 07 31 30 ";="03 25 56 59 40";
="520003989";="245 200 456 00011";;="AIRE STATIONEMENT NOMADES";;="";="LA VENDUE";="52903";="CHAUMONT CEDEX 9";="03 25 02 67 00 ";="03 25 02 04 00";
="520004003";="245 200 449 00073";;="AIRE STATIONEMENT NOMADES";;="CHEMIN DU MOULIN ROUGE";;="52200";="LANGRES";="03 25 87 32 21 ";="03 25 87 07 04";
="520004029";="215 200 403 00024";;="AIRE STATIONEMENT NOMADES";="ZONE INDUSTRIELLE NORD";="";;="52400";="BOURBONNE LES BAINS";="03 25 90 14 80 ";="03 25 90 69 40";
="530003649";;;="AIRE DE STATIONNEMENT";;="PLACE DE LA GARE";;="53400";="CRAON";;;
="530003748";;;="AIRE DE STATIONNEMENT";;="ROUTE D'AMPOIGNE";;="53200";="CHATEAU GONTIER SUR MAYENN";;;
="530003789";;;="AIRE DE STATIONNEMENT";;="";="LA DAVIERE";="53100";="MAYENNE";;;
="610008104";="200 035 814 00017";;="AIRE ACCUEIL GDV FLERS AGGLO";="ACCUEIL DES GENS DU VOYAGE";="678 RUE DE LA MINIERE";;="61100";="FLERS";="02 33 38 89 30 ";;
="610008518";="200 068 450 00010";;="AIRE ACCUEIL GDV ARGENTAN INTERCOM";="ACCUEIL DES GENS DU VOYAGE";="";="LIEU-DIT BEAULIEU";="61200";="ARGENTAN";="06 33 39 44 22 ";;
="610008534";="200 068 468 00012";;="AIRE ACCUEIL GDV CC PAYS DE L'AIGLE";="ACCUEIL DES GENS DU VOYAGE";="";="LIEU-DIT LA CROIX LAMIRAULT";="61300";="L AIGLE";="02 33 84 49 59 ";;
="610008559";="246 100 663 00011";;="AIRE ACCUEIL GDV CUA VALFRAMBERT";="ACCUEIL DES GENS DU VOYAGE";="LIEU DIT LES BALLUIES";="ZAC RD31";="61250";="VALFRAMBERT";;;
="610008849";="200 035 814 00017";;="AIRE ACCUEIL GDV LA FERTE-MACE";="ACCUEIL DES GENS DU VOYAGE";="ROUTE DE FALAISE      RD 19";;="61600";="LA FERTE MACE";="02 33 14 00 40 ";;
="640789509";;;="AIRE DE STATIONNEMENT";;="LIEUDIT GLAIN";;="64100";="BAYONNE";="05 59 59 28 98 ";;
="640789517";;;="AIRE CAMI SALIE";;="BOULEVARD CAMI SALIE";;="64000";="PAU";="05 59 02 81 31 ";;
="650785736";="320 625 544 00020";;="HALTE ST VINCENT DE PAUL";;="QUARTIER DE LILLE";;="65000";="TARBES";="05 62 34 58 35 ";;
="680008737";;;="AIRE STATION NOMADES RUE DE BALE";;="2 RUE PIERRE ET MARIE CURIE";="BP 3089";="68062";="MULHOUSE CEDEX 3";;;
="710975954";="247 100 589 00099";;="AIRE STATIONNEMENT POUR NOMADES";="TERRAIN COMMUNAL";="RUE FERRE";;="71100";="CHALON SUR SAONE";="03 85 94 15 15 ";;
="760032367";="200 023 414 00010";;="AIRE ACCUEIL GDV ROUEN PETIT-QUEVILLY";="ACCUEIL DES GENS DU VOYAGE";="RUE TURQUIE DE LONGCHAMP";;="76000";="ROUEN";;;
="760032375";="200 023 414 00010";;="AIRE ACCUEIL GDV QUEVILLY PT-COURONNE";="ACCUEIL DES GENS DU VOYAGE";="AVENUE GENERAL LECLERC";;="76120";="LE GRAND QUEVILLY";="02 35 69 22 96 ";;
="760032383";="200 023 414 00010";;="AIRE ACCUEIL GDV SOTTEVILLE-LES-ROUEN";="ACCUEIL DES GENS DU VOYAGE";="4 CHEMIN DU HALAGE";;="76300";="SOTTEVILLE LES ROUEN";="02 35 63 87 40 ";;
="760032391";="200 023 414 00010";;="AIRE ACCUEIL GDV D'ELBEUF";="ACCUEIL DES GENS DU VOYAGE";="6 RUE PIERRE ET MARIE CURIE";;="76500";="ELBEUF";;;
="760032409";="200 023 414 00010";;="AIRE ACCUEIL GDV ND DE BONDEVILLE";="ACCUEIL DES GENS DU VOYAGE";="RUE DE L'ABBAYE";;="76960";="NOTRE DAME DE BONDEVILLE";;;
="760032417";="200 023 414 00010";;="AIRE ACCUEIL GDV DE GRAND-COURONNE";="ACCUEIL DES GENS DU VOYAGE";="ALLEE DE LA COTE MUTEL";;="76530";="GRAND COURONNE";;;
="760032425";="200 023 414 00010";;="AIRE ACCUEIL GDV DU TRAIT";="ACCUEIL DES GENS DU VOYAGE";="CHEMIN DES MARAIS";="CLOS SAINT JUIN";="76580";="LE TRAIT";="02 32 76 69 41 ";;
="760032433";="200 023 414 00010";;="AIRE ACCUEIL GDV DE DARNETAL";="ACCUEIL DES GENS DU VOYAGE";="RUE DE L'AVALASSE";;="76160";="DARNETAL";;;
="760032441";="200 084 952 00015";;="AIRE ACCUEIL GDV CU LE HAVRE";="ACCUEIL DES GENS DU VOYAGE";="66 RUE JULES DELAMARRE";="QUARTIER VALLEE-BEREULT";="76600";="LE HAVRE";="02 35 24 01 12 ";;
="760032466";="200 084 952 00015";;="AIRE DE GRAND PASSAGE GDV CU LE HAVRE";="ACCUEIL DES GENS DU VOYAGE";="CHEMIN VICINAL 2";="LA FERME SAINT-LOUIS - ROUELLES";="76610";="LE HAVRE";="02 35 22 25 25 ";;
="760032474";="247 600 620 00063";;="AIRE ACCUEIL GDV CCYN YVETOT";="ACCUEIL DES GENS DU VOYAGE";="RUE DU MONT JOLY";;="76190";="YVETOT";;;
="760032508";="247 600 646 00019";;="AIRE ACCUEIL GDV CCCA BARENTIN";="ACCUEIL DES GENS DU VOYAGE";="D143 A";;="76360";="BARENTIN";="02 35 23 86 20 ";="02 35 23 86 24";
="760032516";="200 069 821 00011";;="AIRE ACCUEIL GDV FECAMP CAUX LITTORAL";="ACCUEIL DES GENS DU VOYAGE";="CHEMIN ROBERT THIEBAUD";="PLATEAU SAINT-JACQUES";="76400";="FECAMP";="02 35 10 60 00 ";;
="760032524";="247 600 786 00112";;="AIRE ACCUEIL GDV DIEPPE";="ACCUEIL DES GENS DU VOYAGE";="CHEMIN DE LA RIVIERE";;="76200";="DIEPPE";="02 35 06 60 00 ";;
="760032532";="200 069 730 00014";;="AIRE ACCUEIL GDV GOURNAY EN BRAY";="ACCUEIL DES GENS DU VOYAGE";="AVENUE DES ANCIENS COMBATTANTS";;="76220";="GOURNAY EN BRAY";="02 32 89 90 00 ";;
="760032540";="200 070 068 00081";;="AIRE ACCUEIL GDV NEUFCHATEL EN BRAY";="ACCUEIL DES GENS DU VOYAGE";="ROUTE DE LA SOMMERY";;="76270";="NEUFCHATEL EN BRAY";="02 32 97 53 09 ";="02 35 94 48 67";
="760032557";="200 084 952 00015";;="AIRE ACCUEIL GDV HARFLEUR";="ACCUEIL DES GENS DU VOYAGE";="44 RUE PAUL DOUMER";="QUARTIER DE FLEURVILLE";="76700";="HARFLEUR";="02 35 13 30 00 ";;
="760032565";="200 084 952 00015";;="AIRE ACCUEIL GDV GONFREVILLE-L'ORCHER";="ACCUEIL DES GENS DU VOYAGE";="RUE PIERRE GLENISSON";;="76700";="GONFREVILLE L ORCHER";="02 35 13 18 00 ";;
="760032581";="247 600 588 00047";;="AIRE ACCUEIL GDV CCVS EU-LE TREPORT";="ACCUEIL DES GENS DU VOYAGES";="ROUTE DE SAINT-VALERY";;="76260";="EU";="02 35 86 20 76 ";;
="760032615";="200 023 414 00010";;="AIRE DE GRAND PASSAGE GDV ROUEN";="ACCUEIL DES GENS DU VOYAGE";="RUE DE REPAINVILLE";="TERRAIN DE REPAINVILLE";="76000";="ROUEN";="02 32 76 69 41 ";;
="760032623";="200 023 414 00010";;="AIRE ACCUEIL GDV PROVISOIRE ST-ETIENNE";="ACCUEIL DES GENS DU VOYAGE";="RUE DE LA COURONNE PROLONGEE";="AIRE DES GRAVIERS";="76800";="ST ETIENNE DU ROUVRAY";="02 32 76 69 41 ";;
="760032631";="200 023 414 00010";;="AIRE ACCUEIL GDV PROVISOIRE CLEON";="ACCUEIL DES GENS DU VOYAGE";="BORDURE VCS";;="76410";="CLEON";="02 35 77 78 62 ";;
="760032649";="200 023 414 00010";;="AIRE DE GRAND PASSAGE GDV CAUDEBEC";="ACCUEIL DES GENS DU VOYAGE";="";="CLOS ALLARD";="76320";="CAUDEBEC LES ELBEUF";="02 32 76 69 41 ";;
="760032730";="200 023 414 00010";;="AIRE ACCUEIL GDV BOISGUILLAUME-BIHOREL";="ACCUEIL DES GENS DU VOYAGE";="ROUTE DE NEUFCHATEL";="ROND POINT RD 43";="76232";="BOIS GUILLAUME CEDEX";;;
="760033969";="200 023 414 00010";;="AIRE ACCUEIL GDV OISSEL";="ACCUEIL DES GENS DU VOYAGE";="CHEMIN CENTRE TECHNIQUE MUNICIPAL";;="76350";="OISSEL";;;
="760033993";="200 010 700 00017";;="AIRE ACCUEIL GDV BOLBEC";="ACCUEIL DES GENS DU VOYAGE";="ROUTE DE FAUVILLE";;="76210";="BOLBEC";;;
="760034017";="200 084 952 00015";;="AIRE ACCUEIL GDV MONTIVILLIERS";="ACCUEIL DES GENS DU VOYAGE";="PARC D'ACTIVITE EPAVILLE";="SECTION ZE";="76290";="MONTIVILLIERS";;;
="760037861";="200 023 414 00010";;="AIRE ACCUEIL GDV SAINT-PIERRE-CAUDEBEC";="ACCUEIL DES GENS DU VOYAGE";="RUE DES BOSQUETS";;="76320";="ST PIERRE LES ELBEUF";;;
="850005158";="268 500 501 00021";;="AIRE STATIONNEMENT NOMADES";;="ROUTE DE NANTES";;="85300";="CHALLANS";="02 51 93 00 47 ";;
="850005166";="268 500 584 00027";;="AIRE STATIONNEMENT NOMADES";;="ROUTE DE L'HERBAUDIERE";;="85330";="NOIRMOUTIER EN L ILE";="02 51 39 05 29 ";;
="850005174";="268 500 857 00050";;="AIRE STATIONNEMENT NOMADES";="LE BOURG SOUS LA ROCHE";="RUE GUILLEROT";;="85000";="LA ROCHE SUR YON";="02 51 37 21 08 ";;
="850005182";="268 501 038 00023";;="AIRE STATIONNEMENT NOMADES";;="RUE DE LA DRIE";;="85800";="ST GILLES CROIX DE VIE";="02 51 55 51 57 ";;
="850005190";="218 501 948 00150";;="AIRE STATIONNEMENT NOMADES";="LES PATOUSES";="LA PARACOU";;="85100";="LES SABLES D OLONNE";="02 51 32 46 50 ";;
="850005208";="268 500 923 00050";;="AIRE STATIONNEMENT NOMADES";="Z A C DE CHARZAIS";="RUE LA FONTAINE";;="85200";="FONTENAY LE COMTE";="02 51 69 20 64 ";;
="850009788";="268 500 741 00031";;="AIRE STATIONNEMENT NOMADES";;="ROUTE DE NANTES";;="85110";="CHANTONNAY";="02 51 94 30 36 ";;
="850009937";="268 501 863 00024";;="AIRE STATIONNEMENT NOMADES";;="ROUTE DE LA COPECHAGNIERE";;="85260";="L HERBERGEMENT";="02 51 42 81 74 ";;
="850010299";="268 502 556 00023";;="AIRE STATIONNEMENT NOMADES";;="RUE DE LA SCIERIE";;="85250";="ST FULGENT";="02 51 42 62 26 ";;
="850010554";="268 500 758 00035";;="AIRE STATIONNEMENT NOMADES";;="CHEMIN DES MEUNIERS";;="85500";="LES HERBIERS";="02 51 91 07 67 ";;
="850020157";="268 502 234 00035";;="AIRE STATIONNEMENT NOMADES";;="ROUTE DE LA BERNARDIERE";;="85530";="LA BRUFFIERE";="02 51 42 50 36 ";;
="850020165";="268 500 956 00035";;="AIRE STATIONNEMENT NOMADES";;="";="LE MUREAU";="85400";="LUCON";="02 51 56 05 00 ";;
="850020207";="268 500 907 00053";;="AIRE STATIONNEMENT NOMADES";;="CHEMIN DE LA PLAINE";;="85120";="LA CHATAIGNERAIE";="02 51 69 60 41 ";;
="850020215";="268 501 020 00047";;="AIRE STATIONNEMENT NOMADES";;="RUE LAENNEC";;="85540";="MOUTIERS LES MAUXFAITS";="02 51 98 90 33 ";;
="870010105";="218 708 501 00018";;="AIRE D'ACCUEIL DES GENS DU VOYAGE";;="RUE DJANGO REINHARDT";;="87100";="LIMOGES";="05 55 50 07 72 ";;
="870014826";="248 700 163 00012";;="AIRE D'ACCUEIL POUR LES GENS DU VOYAGE";="LES EPANOURS";="";;="87300";="BELLAC";="05 55 68 03 42 ";;
="870014958";="218 707 503 00155";;="AIRE ACCUEIL GENS DU VOYAGE";;="";="L'ETOILE";="87170";="ISLE";;;
="870015633";="218 711 406 00015";;="AIRE D'ACCUEIL DES GENS DU VOYAGE";="PUY MOULINIER";="ROUTE DU PALAIS";;="87350";="PANAZOL";="05 55 06 47 70 ";;
="870015674";="218 706 505 00011";;="AIRE D'ACCUEIL DES GENS DU VOYAGE";;="";="L'ESSART";="87220";="FEYTIAT";="05 55 48 43 00 ";;
="870015690";="218 705 002 00010";;="AIRE D'ACCUEIL DES GENS DU VOYAGE";="BOIS DES FOURNERIES";="CARREFOUR DU MAS-GIGOU";;="87270";="COUZEIX";="05 55 04 12 23 ";;
="870015716";="218 711 307 00015";;="AIRE D'ACCUEIL DES GENS DU VOYAGE";="LE PUY VERT";="";;="87410";="LE PALAIS SUR VIENNE";="05 55 04 34 00 ";;
="870015732";="218 716 108 00012";;="AIRE D'ACCUEIL DES GENS DU VOYAGE";="LE RACA";="";;="87400";="ST LEONARD DE NOBLAT";="05 55 56 00 13 ";;
="870015930";="248 719 304 00045";;="AIRE D'ACCUEIL DES GENS DU VOYAGE";;="ZONE DU PAVILLON";;="87200";="ST JUNIEN";;;
="900004961";="200 069 052 00013";;="AIRE D'ACCUEIL DES GENS DU VOYAGE";="PORTE DU VALLON";="75 FAUBOURG DE BRISACH";;="90000";="BELFORT";="06 85 66 40 43 ";;
="950029868";;;="AIRE STATION NOMADES : DE SARCELLES";;="";;="95200";="SARCELLES";;;
="950029926";;;="AIRE STATION NOMADES : DE LOUVRES";;="32 RUE DE LA BRIQUETERIE";="LE VAL NOËL";="95700";="ROISSY EN FRANCE";;;
="950029942";;;="AIRE STATION NOMADES : DE DOMONT";="RD 909";="RUE DE PARIS";;="95330";="DOMONT";;;
="950030007";;;="AIRE STATION NOMADES : JOUY LE MOUTIER";;="BOULEVARD DE L'OISE";="LES MERISIERS";="95280";="JOUY LE MOUTIER";;;
="950031146";;;="AIRE STATION NOMADES : D'ERMONT";="AIRE D'ACCUEIL LE NOYER MULOT";="RUE DU 18 JUIN";;="95120";="ERMONT";;;
="950031153";;;="AIRE STATION NOMADES : DE LA GARENNE";="AIRE D'ACCUEIL DE LA GARENNE";="ROUTE DE PIERRELAYE";="CHE DE LA CROIX À JEAN DUBOIS";="95550";="BESSANCOURT";;;
="950031161";;;="AIRE STATION NOMADE : D'EAUBONNE";="AIRE D'ACCUEIL";="81 ROUTE DE MONTLIGNON";;="95600";="EAUBONNE";="01 34 27 26 00 ";;
="950031179";;;="AIRE STATION NOMADE : DE L'ISLE ADAM";="AIRE D'ACCUEIL";="CHEMIN DES POMMIERS";;="95290";="L ISLE ADAM";="01 34 08 19 19 ";="01 34 08 19 10";
="950031187";;;="AIRE STATION NOMADES : D'OSNY";="AIRE D'ACCUEIL";="";="LA VALLEE GUYON";="95520";="OSNY";;;
="950031195";;;="AIRE STATION NOMADES: ST OUEN L'AUMÔNE";="AIRE D'ACCUEIL";="LES PRÈS DE ST OUEN";;="95310";="ST OUEN L AUMONE";;;
="950031203";;;="AIRE STATION NOMADES : AIRE DU NIGLO";="AIRE D'ACCUEIL DE PONTOISE";="CHEMIN DU NOUVEAU ST MARTIN";;="95000";="PONTOISE";;;
="950031211";;;="AIRE STATION NOMADES : LA GARENNE";;="5 BOULEVARD HENRI NAVIER";;="95155";="TAVERNY CEDEX";="01 30 40 50 60 ";;
="950032391";;;="AIRE STATION NOMADES : DE CERGY";;="BOULEVARD DE LA PAIX";="LA CROIX ROUGE";="95000";="CERGY";;;
="950032417";;;="AIRE STATION NOMADES : DE CORMEILLES";;="CHEMIN DES ALLUETS";;="95240";="CORMEILLES EN PARISIS";;;
="950032425";;;="AIRE STATION NOMADES : MONTIGNY";;="38 RUE MARCEAU COLLIN";;="95370";="MONTIGNY LES CORMEILLES";;;
="950032433";;;="AIRE STATION NOMADES : ST BRICE/FORËT";;="CHEMIN DE LA POINTE DU CLOCHER";;="95350";="ST BRICE SOUS FORET";;;
="950032441";;;="AIRE STATION NOMADES : DE FRANCONVILLE";;="21 RUE DU CHEMIN NEUF";;="95130";="FRANCONVILLE LA GARENNE";;;
="950032466";;;="AIRE STATION NOMADES : DE PARMAIN";;="SENTIER DES CHARRUES";="SOUS LE BOIS GANNETIN";="95620";="PARMAIN";;;
="950032474";;;="AIRE STATION NOMADES : DE PERSAN";;="12 RUE DU CHEMIN VERT";;="95340";="PERSAN";;;
="950032490";;;="AIRE STATION NOMADES : DE ST LEU/FORËT";;="181 BOULEVARD ANDRÉ BRÉMONT";;="95320";="ST LEU LA FORET";;;
="950032508";;;="AIRE STATION NOMADES : DE SANNOIS";;="ROUTE DE L'ERMITAGE";;="95110";="SANNOIS";;;
